{
  "apps": [
    {
      "name": "Website",
      "script": "app.js",
      "env": {
        "COMMON_VARIABLE": "true"
      },
      "env_production": {
        "NODE_ENV": "production"
      }
    }
  ],
  "deploy": {
    "production": {
      "user": "你的服务器登录用户名",
      "host": ["你的服务器 IP"],
      "port": "你的服务器登录端口",
      "ref": "origin/master",
      "repo": "git@git.oschina.net:wolf18387/backend-website.git",
      "path": "/www/website/production",
      "ssh_options": "StrictHostKeyChecking=no",
      "env": {
        "NODE_ENV": "production"
      }
    }
  }
}